page,token_name,token_symbol,token_href
1,Bitcoin,BTC,/en/coins/bitcoin
1,Ethereum,ETH,/en/coins/ethereum
1,Tether,USDT,/en/coins/tether
1,XRP,XRP,/en/coins/xrp
1,BNB,BNB,/en/coins/bnb
1,USDC,USDC,/en/coins/usdc
1,Solana,SOL,/en/coins/solana
1,TRON,TRX,/en/coins/tron
1,Lido Staked Ether,STETH,/en/coins/lido-staked-ether
1,Dogecoin,DOGE,/en/coins/dogecoin
1,USDS,USDS,/en/coins/usds
1,WhiteBIT Coin,WBT,/en/coins/whitebit
1,Wrapped stETH,WSTETH,/en/coins/wrapped-steth
1,LEO Token,LEO,/en/coins/leo-token
1,Cardano,ADA,/en/coins/cardano
1,Hyperliquid,HYPE,/en/coins/hyperliquid
1,Binance Bridged USDT (BNB Smart Chain),BSC-USD,/en/coins/binance-bridged-usdt-bnb-smart-chain
1,Bitcoin Cash,BCH,/en/coins/bitcoin-cash
1,Wrapped Bitcoin,WBTC,/en/coins/wrapped-bitcoin
1,Wrapped Beacon ETH,WBETH,/en/coins/wrapped-beacon-eth
1,Aave v3 WETH,AWETH,/en/coins/aave-v3-weth
1,Chainlink,LINK,/en/coins/chainlink
1,sUSDS,SUSDS,/en/coins/susds
1,Monero,XMR,/en/coins/monero
1,Coinbase Wrapped BTC,CBBTC,/en/coins/coinbase-wrapped-btc
1,Wrapped eETH,WEETH,/en/coins/wrapped-eeth
1,Ethena USDe,USDE,/en/coins/ethena-usde
1,Canton,CC,/en/coins/canton
1,Zcash,ZEC,/en/coins/zcash
1,Stellar,XLM,/en/coins/stellar
1,WETH,WETH,/en/coins/weth
1,MemeCore,M,/en/coins/memecore
1,Dai,DAI,/en/coins/dai
1,USD1,USD1,/en/coins/usd1-wlfi
1,Litecoin,LTC,/en/coins/litecoin
1,USDT0,USDT0,/en/coins/usdt0
1,Avalanche,AVAX,/en/coins/avalanche
1,PayPal USD,PYUSD,/en/coins/paypal-usd
1,Hedera,HBAR,/en/coins/hedera
1,Sui,SUI,/en/coins/sui
1,Rain,RAIN,/en/coins/rain
1,Shiba Inu,SHIB,/en/coins/shiba-inu
1,Ethena Staked USDe,SUSDE,/en/coins/ethena-staked-usde
1,Bittensor,TAO,/en/coins/bittensor
1,Toncoin,TON,/en/coins/toncoin
1,World Liberty Financial,WLFI,/en/coins/world-liberty-financial
1,Cronos,CRO,/en/coins/cronos
1,Circle USYC,USYC,/en/coins/hashnote-usyc
1,Tether Gold,XAUT,/en/coins/tether-gold
2,PAX Gold,PAXG,/en/coins/pax-gold
2,BlackRock USD Institutional Digital Liquidity Fund,BUIDL,/en/coins/blackrock-usd-institutional-digital-liquidity-fund
2,Mantle,MNT,/en/coins/mantle
2,Polkadot,DOT,/en/coins/polkadot
2,Uniswap,UNI,/en/coins/uniswap
2,Global Dollar,USDG,/en/coins/global-dollar
2,syrupUSDC,SYRUPUSDC,/en/coins/syrup-usdc
2,Sky,SKY,/en/coins/sky
2,OKB,OKB,/en/coins/okb
2,Falcon USD,USDF,/en/coins/falcon-usd
2,NEAR Protocol,NEAR,/en/coins/near
2,Pi Network,PI,/en/coins/pi-network
2,Aster,ASTER,/en/coins/aster-2
2,HTX DAO,HTX,/en/coins/htx-dao
2,USDD,USDD,/en/coins/usdd
2,Pepe,PEPE,/en/coins/pepe
2,Aave,AAVE,/en/coins/aave
2,Wrapped Tron,WTRX,/en/coins/wrapped-tron
2,Internet Computer,ICP,/en/coins/internet-computer
2,Kelp DAO Restaked ETH,RSETH,/en/coins/kelp-dao-restaked-eth
2,Ripple USD,RLUSD,/en/coins/ripple-usd
2,Binance-Peg WETH,WETH,/en/coins/binance-peg-weth
2,Ethereum Classic,ETC,/en/coins/ethereum-classic
2,Bitget Token,BGB,/en/coins/bitget-token
2,BFUSD,BFUSD,/en/coins/bfusd
2,Ondo US Dollar Yield,USDY,/en/coins/ondo-us-dollar-yield
2,Janus Henderson Anemoy Treasury Fund,JTRSY,/en/coins/janus-henderson-anemoy-treasury-fund
2,Binance Bridged USDC (BNB Smart Chain),USDC,/en/coins/binance-bridged-usdc-bnb-smart-chain
2,Ondo,ONDO,/en/coins/ondo
2,Gate,GT,/en/coins/gatetoken
2,KuCoin,KCS,/en/coins/kucoin-shares
2,Polygon Bridged USDC (Polygon PoS),USDC.E,/en/coins/polygon-bridged-usdc-polygon-pos
2,Quant,QNT,/en/coins/quant
2,Wrapped SOL,SOL,/en/coins/wrapped-sol-2
2,Wrapped BNB,WBNB,/en/coins/wbnb
2,Render,RENDER,/en/coins/render
2,Pump.fun,PUMP,/en/coins/pump-fun
2,Algorand,ALGO,/en/coins/algorand
2,clBTC,CLBTC,/en/coins/clbtc
2,POL (ex-MATIC),POL,/en/coins/polygon
2,syrupUSDT,SYRUPUSDT,/en/coins/syrupusdt
2,Morpho,MORPHO,/en/coins/morpho
2,Spiko EU T-Bills Money Market Fund,EUTBL,/en/coins/spiko-eu-t-bills-money-market-fund
2,Jito Staked SOL,JITOSOL,/en/coins/jito-staked-sol
2,Jupiter Perpetuals Liquidity Provider Token,JLP,/en/coins/jupiter-perpetuals-liquidity-provider-token
2,Polygon PoS Bridged DAI (Polygon POS),DAI,/en/coins/polygon-pos-bridged-dai-polygon-pos
2,Cosmos Hub,ATOM,/en/coins/cosmos-hub
2,Kaspa,KAS,/en/coins/kaspa
2,Rocket Pool ETH,RETH,/en/coins/rocket-pool-eth
2,NEXO,NEXO,/en/coins/nexo
3,USDtb,USDTB,/en/coins/usdtb
3,Worldcoin,WLD,/en/coins/worldcoin
3,Superstate Short Duration U.S. Government Securities Fund (USTB),USTB,/en/coins/superstate-short-duration-us-government-securities-fund-ustb
3,Ethena,ENA,/en/coins/ethena
3,Binance Staked SOL,BNSOL,/en/coins/binance-staked-sol
3,Function FBTC,FBTC,/en/coins/function-fbtc
3,Blockchain Capital,BCAP,/en/coins/blockchain-capital
3,Lombard Staked BTC,LBTC,/en/coins/lombard-staked-btc
3,Kinetiq Staked HYPE,KHYPE,/en/coins/kinetiq-staked-hype
3,Official Trump,TRUMP,/en/coins/official-trump
3,Liquid Staked ETH,LSETH,/en/coins/liquid-staked-eth
3,Filecoin,FIL,/en/coins/filecoin
3,Midnight,NIGHT,/en/coins/midnight-3
3,Aptos,APT,/en/coins/aptos
3,OUSG,OUSG,/en/coins/ousg
3,Provenance Blockchain,HASH,/en/coins/hash-2
3,Mantle Staked Ether,METH,/en/coins/mantle-staked-ether
3,Flare,FLR,/en/coins/flare
3,VeChain,VET,/en/coins/vechain
3,XDC Network,XDC,/en/coins/xdc-network
3,Beldex,BDX,/en/coins/beldex
3,YLDS,YLDS,/en/coins/ylds
3,Arbitrum,ARB,/en/coins/arbitrum
3,GHO,GHO,/en/coins/gho
3,Jupiter,JUP,/en/coins/jupiter
3,​​Stable,STABLE,/en/coins/stable-2
3,JUST,JST,/en/coins/just
3,Artificial Superintelligence Alliance,FET,/en/coins/artificial-superintelligence-alliance
3,Usual USD,USD0,/en/coins/usual-usd
3,Arbitrum Bridged WBTC (Arbitrum One),WBTC,/en/coins/arbitrum-bridged-wbtc-arbitrum-one
3,L2 Standard Bridged WETH (Base),WETH,/en/coins/l2-standard-bridged-weth-base
3,Bonk,BONK,/en/coins/bonk
3,LayerZero,ZRO,/en/coins/layerzero
3,Solv Protocol BTC,SOLVBTC,/en/coins/solv-protocol-btc
3,TrueUSD,TUSD,/en/coins/true-usd
3,StakeWise Staked ETH,OSETH,/en/coins/stakewise-staked-eth
3,PancakeSwap,CAKE,/en/coins/pancakeswap
3,A7A5,A7A5,/en/coins/a7a5
3,Virtuals Protocol,VIRTUAL,/en/coins/virtual-protocol
3,Binance-Peg XRP,XRP,/en/coins/binance-peg-xrp
3,Renzo Restaked ETH,EZETH,/en/coins/renzo-restaked-eth
3,tBTC,TBTC,/en/coins/tbtc
3,Siren,SIREN,/en/coins/siren-2
3,EURC,EURC,/en/coins/eurc
3,Pudgy Penguins,PENGU,/en/coins/pudgy-penguins
3,Dash,DASH,/en/coins/dash
3,Stacks,STX,/en/coins/stacks
3,Janus Henderson Anemoy AAA CLO Fund,JAAA,/en/coins/janus-henderson-anemoy-aaa-clo-fund
3,Savings USDD,SUSDD,/en/coins/savings-usdd
3,First Digital USD,FDUSD,/en/coins/first-digital-usd
4,Wrapped Flare,WFLR,/en/coins/wrapped-flare
4,Chiliz,CHZ,/en/coins/chiliz
4,Tezos,XTZ,/en/coins/tezos
4,Sei,SEI,/en/coins/sei
4,Jupiter Staked SOL,JUPSOL,/en/coins/jupiter-staked-sol
4,DeXe,DEXE,/en/coins/dexe
4,GTETH,GTETH,/en/coins/gteth
4,Arbitrum Bridged WETH (Arbitrum One),WETH,/en/coins/arbitrum-bridged-weth-arbitrum-one
4,Decred,DCR,/en/coins/decred
4,Hastra Wrapped YLDS,WYLDS,/en/coins/hastra-wrapped-ylds
4,USX,USX,/en/coins/usx
4,Kinesis Gold,KAU,/en/coins/kinesis-gold
4,PRIME,PRIME,/en/coins/hastra-prime
4,ADI,ADI,/en/coins/adi-token
4,Ether.fi,ETHFI,/en/coins/ether-fi
4,Monad,MON,/en/coins/monad
4,edgeX,EDGE,/en/coins/edgex
4,Sun Token,SUN,/en/coins/sun-token
4,Bitcoin SV,BSV,/en/coins/bitcoin-sv
4,ether.fi Staked ETH,EETH,/en/coins/ether-fi-staked-eth
4,Curve DAO,CRV,/en/coins/curve-dao-token
4,Gnosis,GNO,/en/coins/gnosis
4,MANTRA [Old],OM,/en/coins/mantra-old
4,AINFT,NFT,/en/coins/ainft
4,Ether.Fi Liquid ETH,LIQUIDETH,/en/coins/ether-fi-liquid-eth
4,BitTorrent,BTT,/en/coins/bittorrent
4,Venice Token,VVV,/en/coins/venice-token
4,Aerodrome Finance,AERO,/en/coins/aerodrome-finance
4,Plasma,XPL,/en/coins/plasma
4,Stader ETHx,ETHX,/en/coins/stader-ethx
4,Coinbase Wrapped Staked ETH,CBETH,/en/coins/coinbase-wrapped-staked-eth
4,DoubleZero,2Z,/en/coins/doublezero
4,Injective,INJ,/en/coins/injective
4,Wrapped HYPE,WHYPE,/en/coins/wrapped-hype
4,sBTC,SBTC,/en/coins/sbtc
4,Binance-Peg BUSD,BUSD,/en/coins/binance-peg-busd
4,Kinesis Silver,KAG,/en/coins/kinesis-silver
4,SPX6900,SPX,/en/coins/spx6900
4,Staked Aave,STKAAVE,/en/coins/staked-aave
4,Kaia,KAIA,/en/coins/kaia
4,Mantle Bridged WETH (Mantle),WETH,/en/coins/mantle-bridged-weth-mantle
4,Lido DAO,LDO,/en/coins/lido-dao
4,Legacy Frax Dollar,FRAX,/en/coins/legacy-frax-dollar
4,Celestia,TIA,/en/coins/celestia
4,FLOKI,FLOKI,/en/coins/floki
4,USDai,USDAI,/en/coins/usdai
4,Official FO,FO,/en/coins/official-fo
4,Conflux,CFX,/en/coins/conflux
4,JasmyCoin,JASMY,/en/coins/jasmycoin
4,The Graph,GRT,/en/coins/the-graph
5,IOTA,IOTA,/en/coins/iota
5,Maple Finance,SYRUP,/en/coins/maple-finance
5,Ape and Pepe,APEPE,/en/coins/ape-and-pepe
5,Marinade Staked SOL,MSOL,/en/coins/marinade-staked-sol
5,Lighter,LIT,/en/coins/lighter
5,crvUSD,CRVUSD,/en/coins/crvusd
5,Kraken Wrapped BTC,KBTC,/en/coins/kraken-wrapped-btc
5,Zebec Network,ZBCN,/en/coins/zebec-network
5,Pyth Network,PYTH,/en/coins/pyth-network
5,Wrapped Aave Ethereum USDC,WAETHUSDC,/en/coins/wrapped-aave-ethereum-usdc
5,Olympus,OHM,/en/coins/olympus
5,Optimism,OP,/en/coins/optimism
5,Gate Wrapped BTC,GTBTC,/en/coins/gate-wrapped-btc
5,Kite,KITE,/en/coins/kite-ai
5,Binance-Peg Dogecoin,DOGE,/en/coins/binance-peg-dogecoin
5,Unit Bitcoin,UBTC,/en/coins/unit-bitcoin
5,BENQI Liquid Staked AVAX,SAVAX,/en/coins/benqi-liquid-staked-avax
5,Drift Staked SOL,DSOL,/en/coins/drift-staked-sol
5,Ethereum Name Service,ENS,/en/coins/ethereum-name-service
5,Undeads Games,UDS,/en/coins/undeads-games
5,Lombard BTC,BTC.B,/en/coins/lombard-btc
5,River,RIVER,/en/coins/river
5,USDa,USDA,/en/coins/usda
5,Wrapped STX (Velar),WSTX,/en/coins/wrapped-stx-velar
5,AUSD,AUSD,/en/coins/agora-dollar
5,Universal BTC,UNIBTC,/en/coins/universal-btc
5,Vision,VSN,/en/coins/vision-3
5,Telcoin,TEL,/en/coins/telcoin
5,The Sandbox,SAND,/en/coins/the-sandbox
5,Polygon PoS Bridged WETH (Polygon POS),WETH,/en/coins/polygon-pos-bridged-weth-polygon-pos
5,Binance Wrapped BTC,BBTC,/en/coins/binance-wrapped-btc
5,Flare Bridged XRP (Flare),FXRP,/en/coins/flare-bridged-xrp-flare
5,RealLink,REAL,/en/coins/reallink
5,The9bit,9BIT,/en/coins/the9bit
5,Fartcoin,FARTCOIN,/en/coins/fartcoin
5,Terra Luna Classic,LUNC,/en/coins/terra-luna-classic
5,NEO,NEO,/en/coins/neo
5,BTSE Token,BTSE,/en/coins/btse-token
5,dogwifhat,WIF,/en/coins/dogwifhat
5,Helium,HNT,/en/coins/helium
5,Savings Dai,SDAI,/en/coins/savings-dai
5,Wrapped Aave Ethereum USDT,WAETHUSDT,/en/coins/wrapped-aave-ethereum-usdt
5,Axie Infinity,AXS,/en/coins/axie-infinity
5,Starknet,STRK,/en/coins/starknet
5,Tradable NA Rent Financing Platform SSTN,PC0000031,/en/coins/tradable-na-rent-financing-platform-sstn
5,Re Protocol reUSD,REUSD,/en/coins/re-protocol-reusd
5,Wrapped FOGO,WFOGO,/en/coins/wrapped-fogo
5,Steakhouse USDC Morpho Vault,STEAKUSDC,/en/coins/steakhouse-usdc-morpho-vault
5,WeFi,WFI,/en/coins/wfi
5,SwissBorg,BORG,/en/coins/swissborg
6,Onyxcoin,XCN,/en/coins/onyxcoin
6,Cronos Bridged USDC (Cronos),USDC,/en/coins/cronos-bridged-usdc-cronos
6,Wrapped ApeCoin,WAPE,/en/coins/wrapped-apecoin
6,Story,IP,/en/coins/story
6,Compound,COMP,/en/coins/compound
6,Wrapped Savings rUSD,WSRUSD,/en/coins/wrapped-savings-rusd
6,Pendle,PENDLE,/en/coins/pendle
6,Arbitrum Bridged Wrapped eETH (Arbitrum),WEETH,/en/coins/arbitrum-bridged-wrapped-eeth-arbitrum
6,Arbitrum Bridged wstETH (Arbitrum),WSTETH,/en/coins/arbitrum-bridged-wsteth-arbitrum
6,BUILDon,B,/en/coins/build-on
6,Neutrl USD,NUSD,/en/coins/neutrl-usd
6,Decentraland,MANA,/en/coins/decentraland
6,Superbridge Bridged wstETH (Base),WSTETH,/en/coins/superbridge-bridged-wsteth-base
6,Grass,GRASS,/en/coins/grass
6,Raydium,RAY,/en/coins/raydium
6,Spiko US T-Bills Money Market Fund,USTBL,/en/coins/spiko-us-t-bills-money-market-fund
6,Walrus,WAL,/en/coins/walrus-2
6,Trust Wallet,TWT,/en/coins/trust-wallet-token
6,Falcon Finance,FF,/en/coins/falcon-finance-ff
6,Fidelity Digital Interest Token,FDIT,/en/coins/fidelity-digital-interest-token
6,MX,MX,/en/coins/mx-token
6,Convex Finance,CVX,/en/coins/convex-finance
6,Mantle Restaked ETH,CMETH,/en/coins/mantle-restaked-eth
6,Theta Network,THETA,/en/coins/theta-network
6,KOGE,KOGE,/en/coins/koge
6,Noble USDC,USDC.N,/en/coins/noble-usdc
6,Sonic,S,/en/coins/sonic
6,Satoshi Stablecoin,SATUSD,/en/coins/satoshi-stablecoin
6,Humanity,H,/en/coins/humanity
6,Polygon Bridged WBTC (Polygon POS),WBTC,/en/coins/polygon-bridged-wbtc-polygon-pos
6,PayFi Strategy Token USDC,PSTUSDC,/en/coins/payfi-strategy-token-usdc
6,Zano,ZANO,/en/coins/zano
6,Frax Ether,FRXETH,/en/coins/frax-ether
6,Aster Staked BNB,ASBNB,/en/coins/astherus-staked-bnb
6,SafePal,SFP,/en/coins/safepal
6,AB,AB,/en/coins/ab-dao
6,Basic Attention,BAT,/en/coins/basic-attention-token
6,Circle Internet Group (Ondo Tokenized Stock),CRCLON,/en/coins/circle-internet-group-ondo-tokenized-stock
6,STASIS EURO,EURS,/en/coins/stasis-eurs
6,GUSD,GUSD,/en/coins/gusd
6,GALA,GALA,/en/coins/gala
6,Wrapped AVAX,WAVAX,/en/coins/wrapped-avax
6,ZKsync,ZK,/en/coins/zksync
6,THORChain,RUNE,/en/coins/thorchain
6,eCash,XEC,/en/coins/ecash
6,Staked HYPE,STHYPE,/en/coins/staked-hype
6,Staked USDai,SUSDAI,/en/coins/staked-usdai
6,Chutes,SN64,/en/coins/chutes
6,GEKKO,GEKKO,/en/coins/gekko
6,Frax USD,FRXUSD,/en/coins/frax-usd
7,Luxxcoin,LUX,/en/coins/luxxcoin
7,Onchain Yield Coin,ONYC,/en/coins/onyc
7,Theo Short Duration US Treasury Fund,THBILL,/en/coins/theo-short-duration-us-treasury-fund
7,OriginTrail,TRAC,/en/coins/origintrail
7,Apollo Diversified Credit Securitize Fund,ACRED,/en/coins/apollo-diversified-credit-securitize-fund
7,Ultima,ULTIMA,/en/coins/ultima
7,Vaulta,A,/en/coins/vaulta
7,1INCH,1INCH,/en/coins/1inch
7,Golem,GLM,/en/coins/golem
7,SoSoValue,SOSO,/en/coins/sosovalue
7,Flying Tulip,FT,/en/coins/flying-tulip
7,Fluid,FLUID,/en/coins/fluid
7,Avant USD,AVUSD,/en/coins/avant-usd
7,Gauntlet USDC Prime Morpho Vault,GTUSDC,/en/coins/gauntlet-usdc-prime-morpho-vault
7,Jito,JTO,/en/coins/jito
7,Ozone Chain,OZO,/en/coins/ozone-chain
7,Shuffle,SHFL,/en/coins/shuffle
7,Akash Network,AKT,/en/coins/akash-network
7,EUR CoinVertible,EURCV,/en/coins/eur-coinvertible
7,GoMining Token,GOMINING,/en/coins/gomining-token
7,Immutable,IMX,/en/coins/immutable-x
7,CoW Protocol,COW,/en/coins/cow-protocol
7,CASH,CASH,/en/coins/cash
7,Aethir,ATH,/en/coins/aethir
7,Aster USDF,USDF,/en/coins/astherus-usdf
7,Pleasing USD,PUSD,/en/coins/pleasing-usd
7,Phantom Staked SOL,PSOL,/en/coins/phantom-staked-sol
7,Aria.AI,ARIA,/en/coins/aria-ai
7,Qubic,QUBIC,/en/coins/qubic
7,Sentient,SENT,/en/coins/sentient
7,0G,0G,/en/coins/0g
7,Binance-Peg Cardano,ADA,/en/coins/binance-peg-cardano
7,Tradable Singapore Fintech SSL,PC0000023,/en/coins/tradable-singapore-fintech-ssl-2
7,EigenCloud (prev. EigenLayer),EIGEN,/en/coins/eigencloud
7,InfiniFi USD,IUSD,/en/coins/infinifi-usd
7,MultiversX,EGLD,/en/coins/multiversx
7,Staked TRX,STRX,/en/coins/staked-trx
7,WEMIX,WEMIX,/en/coins/wemix
7,Tokenize Xchange,TKX,/en/coins/tokenize-xchange
7,Arweave,AR,/en/coins/arweave
7,Gas,GAS,/en/coins/gas
7,KAITO,KAITO,/en/coins/kaito
7,Pieverse,PIEVERSE,/en/coins/pieverse
7,Treehouse ETH,TETH,/en/coins/treehouse-eth
7,Rollbit Coin,RLB,/en/coins/rollbit-coin
7,Ribbita by Virtuals,TIBBIR,/en/coins/ribbita-by-virtuals
7,Quantum Resistant Ledger,QRL,/en/coins/quantum-resistant-ledger
7,Staked Frax Ether,SFRXETH,/en/coins/staked-frax-ether
7,Seeker,SKR,/en/coins/seeker
7,Centrifuge,CFG,/en/coins/centrifuge
8,Melania Meme,MELANIA,/en/coins/melania-meme
8,apxUSD,APXUSD,/en/coins/apxusd
8,JUSD,JUSD,/en/coins/jusd
8,The Vault Staked SOL,VSOL,/en/coins/the-vault-staked-sol
8,BitMart,BMX,/en/coins/bitmart-token
8,JPool Staked SOL,JSOL,/en/coins/jpool-staked-sol
8,Securitize Tokenized AAA CLO Fund,STAC,/en/coins/securitize-tokenized-aaa-clo-fund
8,Nexus Mutual,NXM,/en/coins/nexus-mutual
8,Cap USD,CUSD,/en/coins/cap-usd
8,MNEE USD Stablecoin,MNEE,/en/coins/mnee-usd-stablecoin
8,Livepeer,LPT,/en/coins/livepeer
8,StandX DUSD,DUSD,/en/coins/standx-dusd
8,Berachain,BERA,/en/coins/berachain
8,Polygon Bridged weETH (Katana),WEETH,/en/coins/polygon-bridged-weeth-katana
8,Palm USD,PUSD,/en/coins/palm-usd
8,Synthetix,SNX,/en/coins/synthetix-network-token
8,Ring USD,USDR,/en/coins/ring-usd
8,QOM One Bridged USDT (QL1),QUSDT,/en/coins/qom-one-bridged-usdt-ql1
8,Unity USD,UUSD,/en/coins/unity-usd
8,τemplar,SN3,/en/coins/templar
8,Qtum,QTUM,/en/coins/qtum
8,Precious Metals USD,PMUSD,/en/coins/precious-metals-usd
8,Horizen,ZEN,/en/coins/horizen
8,Bybit Staked SOL,BBSOL,/en/coins/bybit-staked-sol
8,AWE Network,AWE,/en/coins/awe-network
8,Beam,BEAM,/en/coins/beam-2
8,USDu,USDU,/en/coins/usdu
8,ETHGas,GWEI,/en/coins/ethgas
8,Lombard,BARD,/en/coins/lombard
8,WrappedM by M0,WM,/en/coins/wrappedm-by-m0
8,Ravencoin,RVN,/en/coins/ravencoin
8,Reserve Rights,RSR,/en/coins/reserve-rights
8,Origin Ether,OETH,/en/coins/origin-ether
8,Bridged Wrapped Ether (Linea),WETH,/en/coins/bridged-wrapped-ether-linea
8,Banana For Scale,BANANAS31,/en/coins/banana-for-scale-2
8,XDAI,XDAI,/en/coins/xdai
8,Pleasing Gold,PGOLD,/en/coins/pleasing-gold
8,Avant Staked USD,SAVUSD,/en/coins/avant-staked-usd
8,GRX Chain,GRX,/en/coins/grx-chain
8,Binance-Peg SOL,SOL,/en/coins/binance-peg-sol
8,Safe,SAFE,/en/coins/safe
8,Cheems Token,CHEEMS,/en/coins/cheems-token
8,Keeta,KTA,/en/coins/keeta
8,yearn.finance,YFI,/en/coins/yearn-finance
8,Linea Bridged USDC (Linea),USDC,/en/coins/linea-bridged-usdc-linea
8,ApeCoin,APE,/en/coins/apecoin
8,Cronos Bridged USDT (Cronos),USDT,/en/coins/cronos-bridged-usdt-cronos
8,Targon,SN4,/en/coins/targon
8,Savings xDAI,SDAI,/en/coins/savings-xdai
8,USDA,USDA,/en/coins/usda-3
